{"train_step_loss": [0.3016563355922699, 0.3312276601791382, 0.44558748602867126, 0.34568721055984497, 0.35430964827537537, 0.3828212320804596, 0.3096981346607208, 0.3034873306751251, 0.3955392837524414, 0.2723420560359955, 0.359354704618454, 0.32624536752700806, 0.3288904130458832, 0.3431793749332428, 0.26693490147590637, 0.390813946723938, 0.294000506401062, 0.2821119725704193, 0.3735250234603882, 0.3302346169948578, 0.3974577784538269, 0.279474139213562, 0.31423282623291016, 0.3471594750881195, 0.4173649847507477, 0.3785291612148285, 0.3488779067993164, 0.32058146595954895, 0.32865962386131287, 0.3646373450756073, 0.2369948774576187, 0.25677525997161865, 0.3866206407546997, 0.24285627901554108, 0.2906964421272278, 0.36400943994522095, 0.31438666582107544, 0.305671364068985, 0.29741233587265015, 0.33543798327445984, 0.351060152053833, 0.3119720220565796, 0.31941288709640503, 0.40384218096733093, 0.3139720857143402, 0.38340047001838684, 0.27282169461250305, 0.34950345754623413, 0.3529164791107178, 0.31629452109336853, 0.4053924083709717, 0.332414835691452, 0.36320194602012634, 0.39307940006256104, 0.26520630717277527, 0.34705376625061035, 0.26664644479751587, 0.35725390911102295, 0.2982366979122162, 0.3460841476917267, 0.2940472960472107, 0.32402467727661133, 0.36490777134895325, 0.3240621089935303, 0.2556407153606415, 0.36756274104118347, 0.3209582269191742, 0.22285157442092896, 0.2917049825191498, 0.3545094430446625, 0.35564061999320984], "train_epoch_loss": [], "train_step_perplexity": [1.3520965576171875, 1.3926767110824585, 1.561407208442688, 1.4129605293273926, 1.4251964092254639, 1.4664158821105957, 1.3630136251449585, 1.35457444190979, 1.485184907913208, 1.3130359649658203, 1.4324047565460205, 1.3857553005218506, 1.38942551612854, 1.4094215631484985, 1.305955410003662, 1.478183388710022, 1.3417845964431763, 1.3259271383285522, 1.452846884727478, 1.3912944793701172, 1.488036870956421, 1.3224341869354248, 1.3692084550857544, 1.4150422811508179, 1.5179564952850342, 1.4601354598999023, 1.4174760580062866, 1.3779287338256836, 1.3891048431396484, 1.4399917125701904, 1.2674347162246704, 1.2927546501159668, 1.4719979763031006, 1.2748854160308838, 1.3373585939407349, 1.4390878677368164, 1.3694190979003906, 1.3575360774993896, 1.3463703393936157, 1.3985527753829956, 1.4205727577209473, 1.3661164045333862, 1.376319408416748, 1.4975675344467163, 1.3688515424728394, 1.4672654867172241, 1.3136659860610962, 1.418363094329834, 1.4232122898101807, 1.3720341920852661, 1.499890923500061, 1.3943310976028442, 1.437926173210144, 1.4815359115600586, 1.3036998510360718, 1.4148927927017212, 1.3055788278579712, 1.429398775100708, 1.3474807739257812, 1.4135215282440186, 1.3418474197387695, 1.3826814889907837, 1.4403812885284424, 1.3827332258224487, 1.2912887334823608, 1.444210410118103, 1.3784480094909668, 1.249635100364685, 1.3387080430984497, 1.4254812002182007, 1.4270946979522705], "train_epoch_perplexity": [], "val_step_loss": [], "val_epoch_loss": [], "val_step_perplexity": [], "val_epoch_perplexity": []}