{"train_step_loss": [0.6110639572143555, 0.6495712399482727, 0.6641121506690979, 0.6987112164497375, 0.7023590803146362, 0.6859198212623596, 0.7344153523445129, 0.725124716758728, 0.6152980923652649, 0.6662085652351379], "train_epoch_loss": [], "train_step_perplexity": [1.842390537261963, 1.9147197008132935, 1.9427648782730103, 2.0111591815948486, 2.0185089111328125, 1.9855973720550537, 2.0842630863189697, 2.064988613128662, 1.850208044052124, 1.9468419551849365], "train_epoch_perplexity": [], "val_step_loss": [], "val_epoch_loss": [], "val_step_perplexity": [], "val_epoch_perplexity": []}