{"train_step_loss": [0.6242493987083435, 0.7264270186424255, 0.720680832862854, 0.6355546116828918, 0.6291149854660034], "train_epoch_loss": [], "train_step_perplexity": [1.8668441772460938, 2.0676796436309814, 2.0558323860168457, 1.8880690336227417, 1.8759496212005615], "train_epoch_perplexity": [], "val_step_loss": [], "val_epoch_loss": [], "val_step_perplexity": [], "val_epoch_perplexity": []}