{"train_step_loss": [0.6704803705215454, 0.6375582814216614, 0.5884650349617004, 0.5991599559783936, 0.652425229549408, 0.5209617018699646, 0.6073330640792847, 0.6263040900230408, 0.5327226519584656, 0.5525647401809692, 0.536329984664917, 0.5334789752960205, 0.5444328784942627, 0.5946857929229736, 0.5681154131889343, 0.5013527870178223, 0.479697585105896, 0.44660142064094543, 0.47475719451904297, 0.5311704277992249, 0.4455994963645935], "train_epoch_loss": [], "train_step_perplexity": [1.9551762342453003, 1.8918557167053223, 1.801221489906311, 1.8205888271331787, 1.920192003250122, 1.6836460828781128, 1.8355296850204468, 1.8706839084625244, 1.703564167022705, 1.7377040386199951, 1.7097206115722656, 1.7048531770706177, 1.7236305475234985, 1.8124613761901855, 1.7649377584457397, 1.6509531736373901, 1.6155856847763062, 1.5629911422729492, 1.6076239347457886, 1.700921893119812, 1.5614259243011475], "train_epoch_perplexity": [], "val_step_loss": [], "val_epoch_loss": [], "val_step_perplexity": [], "val_epoch_perplexity": []}