{"train_step_loss": [0.684382975101471, 0.6470716595649719, 0.7298268675804138, 0.6363919973373413, 0.6015914678573608, 0.6323359608650208, 0.5470353960990906, 0.5581536889076233, 0.49872317910194397, 0.5363832712173462], "train_epoch_loss": [], "train_step_perplexity": [1.9825481176376343, 1.9099396467208862, 2.074721336364746, 1.8896507024765015, 1.8250210285186768, 1.8820017576217651, 1.7281222343444824, 1.7474431991577148, 1.6466175317764282, 1.7098116874694824], "train_epoch_perplexity": [], "val_step_loss": [], "val_epoch_loss": [], "val_step_perplexity": [], "val_epoch_perplexity": []}