{"train_step_loss": [1.4697333574295044, 1.724250078201294, 1.2028228044509888, 1.3315414190292358, 1.0960954427719116, 1.2049658298492432, 1.086535930633545, 1.0907407999038696, 1.1223466396331787, 0.9989065527915955, 1.0036382675170898, 0.9775017499923706, 1.0418281555175781, 0.9635483026504517, 0.9957852363586426], "train_epoch_loss": [], "train_step_perplexity": [4.348075866699219, 5.60831356048584, 3.3295023441314697, 3.7868757247924805, 2.9924588203430176, 3.3366451263427734, 2.963988780975342, 2.976478099822998, 3.072054862976074, 2.715311288833618, 2.728189706802368, 2.6578080654144287, 2.8343939781188965, 2.6209800243377686, 2.7068490982055664], "train_epoch_perplexity": [], "val_step_loss": [], "val_epoch_loss": [], "val_step_perplexity": [], "val_epoch_perplexity": []}