{"train_step_loss": [0.6146564483642578, 0.637905478477478, 0.7480788230895996, 0.6822556257247925, 0.6233771443367004, 0.6216971278190613], "train_epoch_loss": [], "train_step_perplexity": [1.849021315574646, 1.8925126791000366, 2.1129367351531982, 1.9783351421356201, 1.8652163743972778, 1.8620855808258057], "train_epoch_perplexity": [], "val_step_loss": [], "val_epoch_loss": [], "val_step_perplexity": [], "val_epoch_perplexity": []}