{"train_step_loss": [0.6239745020866394, 0.6405251026153564, 0.6737268567085266, 0.685997724533081, 0.6717163324356079, 0.5218557715415955, 0.5800167918205261, 0.5649579167366028, 0.5212828516960144, 0.5332686305046082, 0.521064281463623, 0.5726640224456787, 0.5367441773414612, 0.5609064698219299, 0.4549262225627899, 0.4959712326526642, 0.41437411308288574, 0.5227254629135132, 0.480934739112854, 0.5463036894798279, 0.5149164199829102, 0.4657491445541382, 0.5140969157218933, 0.37857699394226074, 0.47939878702163696, 0.4954306185245514, 0.47054702043533325, 0.4751756489276886, 0.35314416885375977, 0.44210585951805115, 0.45125114917755127, 0.4474203288555145, 0.4586324393749237, 0.5008248090744019, 0.42805907130241394, 0.41489893198013306, 0.4819420576095581, 0.4786370098590851, 0.4865233302116394, 0.46594682335853577, 0.31172236800193787, 0.4091814458370209, 0.4631366431713104, 0.44022494554519653, 0.457790732383728, 0.41868770122528076, 0.4497901499271393, 0.4977947473526001, 0.40310999751091003, 0.436008483171463, 0.32834145426750183, 0.2837001383304596], "train_epoch_loss": [], "train_step_perplexity": [1.8663311004638672, 1.8974770307540894, 1.961534023284912, 1.985751986503601, 1.9575942754745483, 1.6851519346237183, 1.7860685586929321, 1.759373664855957, 1.6841868162155151, 1.704494595527649, 1.6838186979293823, 1.7729840278625488, 1.7104289531707764, 1.7522602081298828, 1.5760570764541626, 1.6420923471450806, 1.513423204421997, 1.6866180896759033, 1.6175857782363892, 1.7268582582473755, 1.6734986305236816, 1.5932072401046753, 1.6721277236938477, 1.4602051973342896, 1.615103006362915, 1.641204833984375, 1.6008696556091309, 1.6082967519760132, 1.4235364198684692, 1.5559805631637573, 1.5702756643295288, 1.5642715692520142, 1.5819091796875, 1.6500816345214844, 1.5342768430709839, 1.514217734336853, 1.619215965270996, 1.6138732433319092, 1.6266510486602783, 1.593522310256958, 1.365775465965271, 1.505584955215454, 1.5890504121780396, 1.5530564785003662, 1.5805782079696655, 1.5199655294418335, 1.5679830312728882, 1.6450895071029663, 1.4964715242385864, 1.5465219020843506, 1.3886630535125732, 1.3280346393585205], "train_epoch_perplexity": [], "val_step_loss": [], "val_epoch_loss": [], "val_step_perplexity": [], "val_epoch_perplexity": []}