{"train_step_loss": [0.6176908016204834, 0.7831161618232727, 0.6283815503120422, 0.7102699875831604, 0.5873595476150513, 0.5993128418922424, 0.5764210820198059, 0.641136884689331, 0.5566007494926453, 0.4844701886177063, 0.5281164646148682, 0.5698803067207336, 0.4950147569179535, 0.47700706124305725, 0.5262949466705322, 0.4995381236076355, 0.5136715173721313, 0.4587392508983612, 0.5067170858383179, 0.4810349643230438, 0.5035413503646851, 0.4864760935306549, 0.4994156062602997, 0.4391821622848511, 0.4323095381259918, 0.4899156093597412, 0.46633249521255493, 0.4798658788204193], "train_epoch_loss": [], "train_step_perplexity": [1.8546403646469116, 2.1882805824279785, 1.8745743036270142, 2.0345404148101807, 1.7992312908172607, 1.8208670616149902, 1.7796578407287598, 1.898638129234314, 1.7447316646575928, 1.6233147382736206, 1.6957353353500366, 1.7680554389953613, 1.6405224800109863, 1.611244797706604, 1.6926493644714355, 1.6479599475860596, 1.6714166402816772, 1.5820780992507935, 1.6598331928253174, 1.6177479028701782, 1.6545703411102295, 1.6265742778778076, 1.6477580070495605, 1.5514378547668457, 1.5408120155334473, 1.6321784257888794, 1.5941369533538818, 1.615857720375061], "train_epoch_perplexity": [], "val_step_loss": [], "val_epoch_loss": [], "val_step_perplexity": [], "val_epoch_perplexity": []}