{"train_step_loss": [0.1972675323486328, 0.1664171665906906, 0.21970105171203613, 0.1723003387451172, 0.19401617348194122, 0.19526581466197968, 0.15992291271686554, 0.1684466153383255, 0.16638371348381042, 0.19318169355392456, 0.17653563618659973, 0.2082841843366623, 0.20144377648830414, 0.19744819402694702, 0.21695207059383392, 0.19849683344364166, 0.20501945912837982, 0.15730677545070648, 0.1680564284324646, 0.15929357707500458, 0.17540118098258972, 0.1328403353691101, 0.18840160965919495, 0.18634968996047974, 0.18988452851772308, 0.17487527430057526, 0.19891239702701569, 0.1700960248708725, 0.2039155811071396, 0.18664488196372986, 0.18867839872837067, 0.16957205533981323, 0.16473816335201263, 0.1499585509300232, 0.165934756398201, 0.14411526918411255, 0.1454765349626541, 0.17659534513950348, 0.1965615600347519, 0.21043027937412262, 0.1753040999174118, 0.1836451143026352, 0.16555196046829224, 0.20727020502090454, 0.1808941811323166, 0.19152964651584625, 0.19082799553871155, 0.1710806041955948, 0.16696098446846008, 0.15917068719863892, 0.17307500541210175, 0.15373261272907257, 0.125209242105484, 0.1536119431257248, 0.16765497624874115, 0.17175738513469696, 0.1597946286201477, 0.1633865386247635, 0.17645639181137085, 0.15260173380374908, 0.13110515475273132, 0.1340765506029129, 0.1698172688484192, 0.14214980602264404, 0.13682477176189423, 0.14669224619865417], "train_epoch_loss": [], "train_step_perplexity": [1.2180697917938232, 1.1810656785964966, 1.245704174041748, 1.1880345344543457, 1.2141159772872925, 1.2156339883804321, 1.1734204292297363, 1.1834651231765747, 1.1810262203216553, 1.213103175163269, 1.1930769681930542, 1.2315630912780762, 1.2231674194335938, 1.2182899713516235, 1.2422845363616943, 1.2195682525634766, 1.2275489568710327, 1.1703546047210693, 1.1830034255981445, 1.1726821660995483, 1.191724181175232, 1.142067551612854, 1.2073183059692383, 1.2048434019088745, 1.2091100215911865, 1.1910977363586426, 1.2200751304626465, 1.185418725013733, 1.2261946201324463, 1.2051992416381836, 1.2076524496078491, 1.184797763824463, 1.179084300994873, 1.1617860794067383, 1.180496096611023, 1.1550172567367554, 1.1565905809402466, 1.193148136138916, 1.217210292816162, 1.2342090606689453, 1.1916084289550781, 1.2015893459320068, 1.1800442934036255, 1.2303149700164795, 1.1982884407043457, 1.211100697517395, 1.2102513313293457, 1.1865863800048828, 1.1817080974578857, 1.1725380420684814, 1.188955307006836, 1.1661790609359741, 1.1333855390548706, 1.1660382747650146, 1.1825284957885742, 1.1873897314071655, 1.1732698678970337, 1.1774917840957642, 1.1929824352264404, 1.1648609638214111, 1.1400877237319946, 1.1434803009033203, 1.1850882768630981, 1.1527493000030518, 1.1466273069381714, 1.1579976081848145], "train_epoch_perplexity": [], "val_step_loss": [], "val_epoch_loss": [], "val_step_perplexity": [], "val_epoch_perplexity": []}